{
  "GET List Category" : {
    "transaction" : "GET List Category",
    "sampleCount" : 10,
    "errorCount" : 0,
    "errorPct" : 0.0,
    "meanResTime" : 1157.1999999999998,
    "medianResTime" : 1000.5,
    "minResTime" : 894.0,
    "maxResTime" : 1526.0,
    "pct1ResTime" : 1524.4,
    "pct2ResTime" : 1526.0,
    "pct3ResTime" : 1526.0,
    "throughput" : 3.746721618583739,
    "receivedKBytesPerSec" : 3.9150313787935556,
    "sentKBytesPerSec" : 0.6439677781940801
  },
  "GET Get Product ID" : {
    "transaction" : "GET Get Product ID",
    "sampleCount" : 10,
    "errorCount" : 0,
    "errorPct" : 0.0,
    "meanResTime" : 1966.3999999999999,
    "medianResTime" : 1856.5,
    "minResTime" : 1554.0,
    "maxResTime" : 2579.0,
    "pct1ResTime" : 2577.5,
    "pct2ResTime" : 2579.0,
    "pct3ResTime" : 2579.0,
    "throughput" : 1.8705574261129816,
    "receivedKBytesPerSec" : 3.1079750046763936,
    "sentKBytesPerSec" : 0.3288089225589226
  },
  "GET Get List Offer" : {
    "transaction" : "GET Get List Offer",
    "sampleCount" : 10,
    "errorCount" : 0,
    "errorPct" : 0.0,
    "meanResTime" : 2667.2999999999993,
    "medianResTime" : 2657.5,
    "minResTime" : 2531.0,
    "maxResTime" : 2839.0,
    "pct1ResTime" : 2833.3,
    "pct2ResTime" : 2839.0,
    "pct3ResTime" : 2839.0,
    "throughput" : 1.557389814670612,
    "receivedKBytesPerSec" : 1.717387283912163,
    "sentKBytesPerSec" : 0.6555029395732752
  },
  "GET Get Category ID" : {
    "transaction" : "GET Get Category ID",
    "sampleCount" : 10,
    "errorCount" : 0,
    "errorPct" : 0.0,
    "meanResTime" : 1167.4,
    "medianResTime" : 948.0,
    "minResTime" : 869.0,
    "maxResTime" : 1886.0,
    "pct1ResTime" : 1876.7,
    "pct2ResTime" : 1886.0,
    "pct3ResTime" : 1886.0,
    "throughput" : 3.3025099075297226,
    "receivedKBytesPerSec" : 2.367228781373844,
    "sentKBytesPerSec" : 0.574069105019815
  },
  "GET Get List Product" : {
    "transaction" : "GET Get List Product",
    "sampleCount" : 10,
    "errorCount" : 0,
    "errorPct" : 0.0,
    "meanResTime" : 1870.4,
    "medianResTime" : 1875.5,
    "minResTime" : 1402.0,
    "maxResTime" : 2119.0,
    "pct1ResTime" : 2118.8,
    "pct2ResTime" : 2119.0,
    "pct3ResTime" : 2119.0,
    "throughput" : 2.403846153846154,
    "receivedKBytesPerSec" : 30.31944861778846,
    "sentKBytesPerSec" : 0.49062875600961536
  },
  "POST Register User" : {
    "transaction" : "POST Register User",
    "sampleCount" : 10,
    "errorCount" : 0,
    "errorPct" : 0.0,
    "meanResTime" : 3050.1,
    "medianResTime" : 3106.5,
    "minResTime" : 2744.0,
    "maxResTime" : 3376.0,
    "pct1ResTime" : 3370.5,
    "pct2ResTime" : 3376.0,
    "pct3ResTime" : 3376.0,
    "throughput" : 2.3386342376052385,
    "receivedKBytesPerSec" : 4.0090220123947615,
    "sentKBytesPerSec" : 0.7148364417680075
  },
  "PUT Update Product ID" : {
    "transaction" : "PUT Update Product ID",
    "sampleCount" : 10,
    "errorCount" : 0,
    "errorPct" : 0.0,
    "meanResTime" : 2374.6,
    "medianResTime" : 2345.5,
    "minResTime" : 2020.0,
    "maxResTime" : 2792.0,
    "pct1ResTime" : 2781.2,
    "pct2ResTime" : 2792.0,
    "pct3ResTime" : 2792.0,
    "throughput" : 2.0885547201336676,
    "receivedKBytesPerSec" : 4.322941141917293,
    "sentKBytesPerSec" : 555.3948347431077
  },
  "Total" : {
    "transaction" : "Total",
    "sampleCount" : 140,
    "errorCount" : 0,
    "errorPct" : 0.0,
    "meanResTime" : 2310.257142857143,
    "medianResTime" : 2464.5,
    "minResTime" : 716.0,
    "maxResTime" : 4270.0,
    "pct1ResTime" : 3316.5000000000005,
    "pct2ResTime" : 3524.0499999999997,
    "pct3ResTime" : 4208.09,
    "throughput" : 4.160846435046215,
    "receivedKBytesPerSec" : 10.176253176360449,
    "sentKBytesPerSec" : 159.4958433329866
  },
  "POST Create Offer" : {
    "transaction" : "POST Create Offer",
    "sampleCount" : 10,
    "errorCount" : 0,
    "errorPct" : 0.0,
    "meanResTime" : 2581.0,
    "medianResTime" : 2623.0,
    "minResTime" : 2007.0,
    "maxResTime" : 2887.0,
    "pct1ResTime" : 2875.8,
    "pct2ResTime" : 2887.0,
    "pct3ResTime" : 2887.0,
    "throughput" : 1.6957775139901645,
    "receivedKBytesPerSec" : 5.011817449550619,
    "sentKBytesPerSec" : 0.8843214770222146
  },
  "POST Login User" : {
    "transaction" : "POST Login User",
    "sampleCount" : 10,
    "errorCount" : 0,
    "errorPct" : 0.0,
    "meanResTime" : 2836.9,
    "medianResTime" : 2698.0,
    "minResTime" : 2449.0,
    "maxResTime" : 3451.0,
    "pct1ResTime" : 3433.5,
    "pct2ResTime" : 3451.0,
    "pct3ResTime" : 3451.0,
    "throughput" : 2.1079258010118043,
    "receivedKBytesPerSec" : 3.6116756033937607,
    "sentKBytesPerSec" : 0.5949126528246206
  },
  "PUT Update Profile" : {
    "transaction" : "PUT Update Profile",
    "sampleCount" : 10,
    "errorCount" : 0,
    "errorPct" : 0.0,
    "meanResTime" : 3650.5,
    "medianResTime" : 3607.5,
    "minResTime" : 3338.0,
    "maxResTime" : 4270.0,
    "pct1ResTime" : 4254.9,
    "pct2ResTime" : 4270.0,
    "pct3ResTime" : 4270.0,
    "throughput" : 1.5515903801396431,
    "receivedKBytesPerSec" : 2.146164662529092,
    "sentKBytesPerSec" : 207.11640564390999
  },
  "POST Create Product" : {
    "transaction" : "POST Create Product",
    "sampleCount" : 10,
    "errorCount" : 0,
    "errorPct" : 0.0,
    "meanResTime" : 3038.4999999999995,
    "medianResTime" : 3024.0,
    "minResTime" : 2600.0,
    "maxResTime" : 3487.0,
    "pct1ResTime" : 3465.8,
    "pct2ResTime" : 3487.0,
    "pct3ResTime" : 3487.0,
    "throughput" : 1.989258006763477,
    "receivedKBytesPerSec" : 4.128098890988661,
    "sentKBytesPerSec" : 265.8806507360255
  },
  "GET Get Profile" : {
    "transaction" : "GET Get Profile",
    "sampleCount" : 10,
    "errorCount" : 0,
    "errorPct" : 0.0,
    "meanResTime" : 1984.4,
    "medianResTime" : 2147.5,
    "minResTime" : 1018.0,
    "maxResTime" : 2460.0,
    "pct1ResTime" : 2441.9,
    "pct2ResTime" : 2460.0,
    "pct3ResTime" : 2460.0,
    "throughput" : 2.540650406504065,
    "receivedKBytesPerSec" : 3.507784711636179,
    "sentKBytesPerSec" : 1.0445447472052847
  },
  "PUT Update Offer ID" : {
    "transaction" : "PUT Update Offer ID",
    "sampleCount" : 10,
    "errorCount" : 0,
    "errorPct" : 0.0,
    "meanResTime" : 2388.5,
    "medianResTime" : 2473.0,
    "minResTime" : 1722.0,
    "maxResTime" : 2767.0,
    "pct1ResTime" : 2766.6,
    "pct2ResTime" : 2767.0,
    "pct3ResTime" : 2767.0,
    "throughput" : 1.8552875695732838,
    "receivedKBytesPerSec" : 5.476359577922079,
    "sentKBytesPerSec" : 0.8950313079777366
  },
  "DELETE Product ID" : {
    "transaction" : "DELETE Product ID",
    "sampleCount" : 10,
    "errorCount" : 0,
    "errorPct" : 0.0,
    "meanResTime" : 1610.3999999999999,
    "medianResTime" : 1690.5,
    "minResTime" : 716.0,
    "maxResTime" : 2590.0,
    "pct1ResTime" : 2515.6000000000004,
    "pct2ResTime" : 2590.0,
    "pct3ResTime" : 2590.0,
    "throughput" : 2.469745616201531,
    "receivedKBytesPerSec" : 2.117613917016547,
    "sentKBytesPerSec" : 1.0829255680414915
  }
}