{
  "GET List Category" : {
    "transaction" : "GET List Category",
    "sampleCount" : 20,
    "errorCount" : 0,
    "errorPct" : 0.0,
    "meanResTime" : 1271.7,
    "medianResTime" : 1202.0,
    "minResTime" : 898.0,
    "maxResTime" : 1965.0,
    "pct1ResTime" : 1672.3,
    "pct2ResTime" : 1950.4999999999998,
    "pct3ResTime" : 1965.0,
    "throughput" : 5.790387955993052,
    "receivedKBytesPerSec" : 6.050503039953677,
    "sentKBytesPerSec" : 0.9952229299363057
  },
  "GET Get Product ID" : {
    "transaction" : "GET Get Product ID",
    "sampleCount" : 20,
    "errorCount" : 0,
    "errorPct" : 0.0,
    "meanResTime" : 2226.3,
    "medianResTime" : 2211.5,
    "minResTime" : 1880.0,
    "maxResTime" : 2645.0,
    "pct1ResTime" : 2552.1,
    "pct2ResTime" : 2640.6,
    "pct3ResTime" : 2645.0,
    "throughput" : 3.6913990402362495,
    "receivedKBytesPerSec" : 6.136590416205242,
    "sentKBytesPerSec" : 0.6488787375415282
  },
  "GET Get List Offer" : {
    "transaction" : "GET Get List Offer",
    "sampleCount" : 20,
    "errorCount" : 0,
    "errorPct" : 0.0,
    "meanResTime" : 1386.0500000000002,
    "medianResTime" : 1399.0,
    "minResTime" : 1106.0,
    "maxResTime" : 1711.0,
    "pct1ResTime" : 1605.6,
    "pct2ResTime" : 1705.75,
    "pct3ResTime" : 1711.0,
    "throughput" : 5.689900426742533,
    "receivedKBytesPerSec" : 6.263891358463726,
    "sentKBytesPerSec" : 2.394870199146515
  },
  "GET Get Category ID" : {
    "transaction" : "GET Get Category ID",
    "sampleCount" : 20,
    "errorCount" : 0,
    "errorPct" : 0.0,
    "meanResTime" : 1757.3000000000002,
    "medianResTime" : 1732.5,
    "minResTime" : 1552.0,
    "maxResTime" : 2070.0,
    "pct1ResTime" : 1986.6000000000001,
    "pct2ResTime" : 2066.1,
    "pct3ResTime" : 2070.0,
    "throughput" : 4.811161895597786,
    "receivedKBytesPerSec" : 3.44862581188357,
    "sentKBytesPerSec" : 0.8363152513832091
  },
  "GET Get List Product" : {
    "transaction" : "GET Get List Product",
    "sampleCount" : 20,
    "errorCount" : 0,
    "errorPct" : 0.0,
    "meanResTime" : 3188.4500000000003,
    "medianResTime" : 3242.5,
    "minResTime" : 2559.0,
    "maxResTime" : 3417.0,
    "pct1ResTime" : 3409.9,
    "pct2ResTime" : 3416.7,
    "pct3ResTime" : 3417.0,
    "throughput" : 2.9828486204325126,
    "receivedKBytesPerSec" : 37.62234340044743,
    "sentKBytesPerSec" : 0.6088040641312453
  },
  "POST Register User" : {
    "transaction" : "POST Register User",
    "sampleCount" : 20,
    "errorCount" : 0,
    "errorPct" : 0.0,
    "meanResTime" : 3686.0499999999997,
    "medianResTime" : 3662.0,
    "minResTime" : 2078.0,
    "maxResTime" : 5388.0,
    "pct1ResTime" : 5295.500000000001,
    "pct2ResTime" : 5385.3,
    "pct3ResTime" : 5388.0,
    "throughput" : 3.1801558276355544,
    "receivedKBytesPerSec" : 5.4516069724916525,
    "sentKBytesPerSec" : 0.9720593496581333
  },
  "PUT Update Product ID" : {
    "transaction" : "PUT Update Product ID",
    "sampleCount" : 20,
    "errorCount" : 0,
    "errorPct" : 0.0,
    "meanResTime" : 3292.9500000000007,
    "medianResTime" : 3300.0,
    "minResTime" : 2987.0,
    "maxResTime" : 3589.0,
    "pct1ResTime" : 3498.7000000000003,
    "pct2ResTime" : 3584.7,
    "pct3ResTime" : 3589.0,
    "throughput" : 3.1660598385309484,
    "receivedKBytesPerSec" : 6.547158213946493,
    "sentKBytesPerSec" : 841.8837561342409
  },
  "Total" : {
    "transaction" : "Total",
    "sampleCount" : 280,
    "errorCount" : 0,
    "errorPct" : 0.0,
    "meanResTime" : 2758.510714285714,
    "medianResTime" : 2222.0,
    "minResTime" : 898.0,
    "maxResTime" : 6537.0,
    "pct1ResTime" : 5211.6,
    "pct2ResTime" : 5677.8,
    "pct3ResTime" : 6269.51,
    "throughput" : 6.87960687960688,
    "receivedKBytesPerSec" : 16.82518811425061,
    "sentKBytesPerSec" : 263.7066905328624
  },
  "POST Create Offer" : {
    "transaction" : "POST Create Offer",
    "sampleCount" : 20,
    "errorCount" : 0,
    "errorPct" : 0.0,
    "meanResTime" : 1957.1499999999999,
    "medianResTime" : 1967.5,
    "minResTime" : 1571.0,
    "maxResTime" : 2243.0,
    "pct1ResTime" : 2226.2,
    "pct2ResTime" : 2242.25,
    "pct3ResTime" : 2243.0,
    "throughput" : 4.513653802753328,
    "receivedKBytesPerSec" : 13.358475795531483,
    "sentKBytesPerSec" : 2.353799932295193
  },
  "POST Login User" : {
    "transaction" : "POST Login User",
    "sampleCount" : 20,
    "errorCount" : 0,
    "errorPct" : 0.0,
    "meanResTime" : 5205.249999999999,
    "medianResTime" : 5198.0,
    "minResTime" : 4689.0,
    "maxResTime" : 6101.0,
    "pct1ResTime" : 5828.9,
    "pct2ResTime" : 6087.4,
    "pct3ResTime" : 6101.0,
    "throughput" : 2.2650056625141564,
    "receivedKBytesPerSec" : 3.8850155719139297,
    "sentKBytesPerSec" : 0.6392447621744054
  },
  "PUT Update Profile" : {
    "transaction" : "PUT Update Profile",
    "sampleCount" : 20,
    "errorCount" : 0,
    "errorPct" : 0.0,
    "meanResTime" : 5529.75,
    "medianResTime" : 5676.0,
    "minResTime" : 4268.0,
    "maxResTime" : 6537.0,
    "pct1ResTime" : 6290.1,
    "pct2ResTime" : 6524.8,
    "pct3ResTime" : 6537.0,
    "throughput" : 2.1586616297895307,
    "receivedKBytesPerSec" : 2.9856567053426875,
    "sentKBytesPerSec" : 288.1293637007555
  },
  "POST Create Product" : {
    "transaction" : "POST Create Product",
    "sampleCount" : 20,
    "errorCount" : 0,
    "errorPct" : 0.0,
    "meanResTime" : 2978.85,
    "medianResTime" : 3092.0,
    "minResTime" : 2052.0,
    "maxResTime" : 3688.0,
    "pct1ResTime" : 3532.9,
    "pct2ResTime" : 3680.45,
    "pct3ResTime" : 3688.0,
    "throughput" : 3.226326826907566,
    "receivedKBytesPerSec" : 6.685648642926279,
    "sentKBytesPerSec" : 431.26411517986776
  },
  "GET Get Profile" : {
    "transaction" : "GET Get Profile",
    "sampleCount" : 20,
    "errorCount" : 0,
    "errorPct" : 0.0,
    "meanResTime" : 2931.3999999999996,
    "medianResTime" : 2962.5,
    "minResTime" : 1183.0,
    "maxResTime" : 4762.0,
    "pct1ResTime" : 4757.6,
    "pct2ResTime" : 4761.9,
    "pct3ResTime" : 4762.0,
    "throughput" : 3.237293622531564,
    "receivedKBytesPerSec" : 4.470247248300421,
    "sentKBytesPerSec" : 1.3309576319197152
  },
  "PUT Update Offer ID" : {
    "transaction" : "PUT Update Offer ID",
    "sampleCount" : 20,
    "errorCount" : 0,
    "errorPct" : 0.0,
    "meanResTime" : 1559.0,
    "medianResTime" : 1529.5,
    "minResTime" : 1128.0,
    "maxResTime" : 2080.0,
    "pct1ResTime" : 1908.2,
    "pct2ResTime" : 2071.5499999999997,
    "pct3ResTime" : 2080.0,
    "throughput" : 5.149330587023687,
    "receivedKBytesPerSec" : 15.17845648815654,
    "sentKBytesPerSec" : 2.484149716786818
  },
  "DELETE Product ID" : {
    "transaction" : "DELETE Product ID",
    "sampleCount" : 20,
    "errorCount" : 0,
    "errorPct" : 0.0,
    "meanResTime" : 1648.95,
    "medianResTime" : 1739.0,
    "minResTime" : 1302.0,
    "maxResTime" : 2008.0,
    "pct1ResTime" : 1961.8,
    "pct2ResTime" : 2005.75,
    "pct3ResTime" : 2008.0,
    "throughput" : 4.571428571428572,
    "receivedKBytesPerSec" : 3.9339285714285714,
    "sentKBytesPerSec" : 2.0044642857142856
  }
}