{
  "POST Register Seller" : {
    "transaction" : "POST Register Seller",
    "sampleCount" : 20,
    "errorCount" : 0,
    "errorPct" : 0.0,
    "meanResTime" : 1271.35,
    "medianResTime" : 1358.5,
    "minResTime" : 412.0,
    "maxResTime" : 2117.0,
    "pct1ResTime" : 2071.2000000000003,
    "pct2ResTime" : 2114.95,
    "pct3ResTime" : 2117.0,
    "throughput" : 6.7294751009421265,
    "receivedKBytesPerSec" : 3.7524709791386273,
    "sentKBytesPerSec" : 0.0
  },
  "POST Login Seller" : {
    "transaction" : "POST Login Seller",
    "sampleCount" : 20,
    "errorCount" : 0,
    "errorPct" : 0.0,
    "meanResTime" : 1430.6,
    "medianResTime" : 1418.5,
    "minResTime" : 983.0,
    "maxResTime" : 1837.0,
    "pct1ResTime" : 1800.8000000000002,
    "pct2ResTime" : 1835.4,
    "pct3ResTime" : 1837.0,
    "throughput" : 4.641448131817127,
    "receivedKBytesPerSec" : 2.2482014388489207,
    "sentKBytesPerSec" : 1.545638489208633
  },
  "GET Seller Product ID" : {
    "transaction" : "GET Seller Product ID",
    "sampleCount" : 40,
    "errorCount" : 0,
    "errorPct" : 0.0,
    "meanResTime" : 1572.4249999999997,
    "medianResTime" : 1359.0,
    "minResTime" : 469.0,
    "maxResTime" : 2845.0,
    "pct1ResTime" : 2802.9,
    "pct2ResTime" : 2836.15,
    "pct3ResTime" : 2845.0,
    "throughput" : 3.6166365280289328,
    "receivedKBytesPerSec" : 2.507628842676311,
    "sentKBytesPerSec" : 1.3491749547920433
  },
  "POST Register Buyer" : {
    "transaction" : "POST Register Buyer",
    "sampleCount" : 20,
    "errorCount" : 0,
    "errorPct" : 0.0,
    "meanResTime" : 2300.25,
    "medianResTime" : 2459.0,
    "minResTime" : 832.0,
    "maxResTime" : 2482.0,
    "pct1ResTime" : 2474.8,
    "pct2ResTime" : 2481.65,
    "pct3ResTime" : 2482.0,
    "throughput" : 5.9880239520958085,
    "receivedKBytesPerSec" : 3.4559786676646707,
    "sentKBytesPerSec" : 8.477965943113773
  },
  "POST Seller Product" : {
    "transaction" : "POST Seller Product",
    "sampleCount" : 20,
    "errorCount" : 0,
    "errorPct" : 0.0,
    "meanResTime" : 5065.5,
    "medianResTime" : 5088.5,
    "minResTime" : 3774.0,
    "maxResTime" : 6268.0,
    "pct1ResTime" : 6011.3,
    "pct2ResTime" : 6256.05,
    "pct3ResTime" : 6268.0,
    "throughput" : 2.815315315315315,
    "receivedKBytesPerSec" : 1.844801344313063,
    "sentKBytesPerSec" : 376.02879979588965
  },
  "GET Buyer Product" : {
    "transaction" : "GET Buyer Product",
    "sampleCount" : 20,
    "errorCount" : 0,
    "errorPct" : 0.0,
    "meanResTime" : 2092.75,
    "medianResTime" : 2074.0,
    "minResTime" : 1500.0,
    "maxResTime" : 2813.0,
    "pct1ResTime" : 2540.7000000000003,
    "pct2ResTime" : 2799.5,
    "pct3ResTime" : 2813.0,
    "throughput" : 2.992667963489451,
    "receivedKBytesPerSec" : 3.8752712105341915,
    "sentKBytesPerSec" : 1.2712993790213976
  },
  "POST Buyer Order" : {
    "transaction" : "POST Buyer Order",
    "sampleCount" : 20,
    "errorCount" : 0,
    "errorPct" : 0.0,
    "meanResTime" : 1010.3500000000003,
    "medianResTime" : 902.0,
    "minResTime" : 780.0,
    "maxResTime" : 2157.0,
    "pct1ResTime" : 1991.8000000000025,
    "pct2ResTime" : 2154.25,
    "pct3ResTime" : 2157.0,
    "throughput" : 6.75219446320054,
    "receivedKBytesPerSec" : 4.391563977042539,
    "sentKBytesPerSec" : 2.9343032579338284
  },
  "GET Buyer Order" : {
    "transaction" : "GET Buyer Order",
    "sampleCount" : 20,
    "errorCount" : 0,
    "errorPct" : 0.0,
    "meanResTime" : 1406.2,
    "medianResTime" : 1652.0,
    "minResTime" : 161.0,
    "maxResTime" : 1675.0,
    "pct1ResTime" : 1674.9,
    "pct2ResTime" : 1675.0,
    "pct3ResTime" : 1675.0,
    "throughput" : 8.136696501220506,
    "receivedKBytesPerSec" : 9.527245219690805,
    "sentKBytesPerSec" : 2.9241253051261187
  },
  "GET Buyer Order ID" : {
    "transaction" : "GET Buyer Order ID",
    "sampleCount" : 20,
    "errorCount" : 0,
    "errorPct" : 0.0,
    "meanResTime" : 1568.2500000000002,
    "medianResTime" : 1840.0,
    "minResTime" : 109.0,
    "maxResTime" : 1856.0,
    "pct1ResTime" : 1854.0,
    "pct2ResTime" : 1855.9,
    "pct3ResTime" : 1856.0,
    "throughput" : 5.408328826392645,
    "receivedKBytesPerSec" : 6.322040630070308,
    "sentKBytesPerSec" : 1.9805891698215252
  },
  "DELETE Seller Product ID" : {
    "transaction" : "DELETE Seller Product ID",
    "sampleCount" : 20,
    "errorCount" : 0,
    "errorPct" : 0.0,
    "meanResTime" : 739.5500000000001,
    "medianResTime" : 668.0,
    "minResTime" : 654.0,
    "maxResTime" : 1211.0,
    "pct1ResTime" : 1188.0000000000005,
    "pct2ResTime" : 1211.0,
    "pct3ResTime" : 1211.0,
    "throughput" : 7.791195948578107,
    "receivedKBytesPerSec" : 2.3738800155823916,
    "sentKBytesPerSec" : 3.0358273276197894
  },
  "POST Login Buyer" : {
    "transaction" : "POST Login Buyer",
    "sampleCount" : 20,
    "errorCount" : 0,
    "errorPct" : 0.0,
    "meanResTime" : 890.5999999999999,
    "medianResTime" : 871.0,
    "minResTime" : 228.0,
    "maxResTime" : 1612.0,
    "pct1ResTime" : 1523.0,
    "pct2ResTime" : 1607.55,
    "pct3ResTime" : 1612.0,
    "throughput" : 4.8792388387411565,
    "receivedKBytesPerSec" : 2.3633813125152474,
    "sentKBytesPerSec" : 1.5867055989265675
  },
  "GET Seller Product" : {
    "transaction" : "GET Seller Product",
    "sampleCount" : 20,
    "errorCount" : 0,
    "errorPct" : 0.0,
    "meanResTime" : 2618.15,
    "medianResTime" : 2714.0,
    "minResTime" : 2208.0,
    "maxResTime" : 3027.0,
    "pct1ResTime" : 2885.4,
    "pct2ResTime" : 3019.95,
    "pct3ResTime" : 3027.0,
    "throughput" : 3.3840947546531304,
    "receivedKBytesPerSec" : 2.3530033840947544,
    "sentKBytesPerSec" : 1.2425972927241962
  },
  "Total" : {
    "transaction" : "Total",
    "sampleCount" : 300,
    "errorCount" : 0,
    "errorPct" : 0.0,
    "meanResTime" : 1716.4866666666678,
    "medianResTime" : 1517.0,
    "minResTime" : 109.0,
    "maxResTime" : 6268.0,
    "pct1ResTime" : 2804.6000000000004,
    "pct2ResTime" : 4698.099999999997,
    "pct3ResTime" : 5851.400000000001,
    "throughput" : 11.325028312570781,
    "receivedKBytesPerSec" : 7.845678793884485,
    "sentKBytesPerSec" : 105.34252312193281
  },
  "PUT Buyer Order" : {
    "transaction" : "PUT Buyer Order",
    "sampleCount" : 20,
    "errorCount" : 0,
    "errorPct" : 0.0,
    "meanResTime" : 1353.65,
    "medianResTime" : 1231.5,
    "minResTime" : 1207.0,
    "maxResTime" : 1853.0,
    "pct1ResTime" : 1841.5000000000002,
    "pct2ResTime" : 1852.9,
    "pct3ResTime" : 1853.0,
    "throughput" : 4.2435815828559305,
    "receivedKBytesPerSec" : 2.7516974326331423,
    "sentKBytesPerSec" : 1.748819753872268
  },
  "DELETE Buyer Order ID" : {
    "transaction" : "DELETE Buyer Order ID",
    "sampleCount" : 20,
    "errorCount" : 0,
    "errorPct" : 0.0,
    "meanResTime" : 855.2499999999999,
    "medianResTime" : 653.0,
    "minResTime" : 637.0,
    "maxResTime" : 1853.0,
    "pct1ResTime" : 1786.8000000000013,
    "pct2ResTime" : 1852.9,
    "pct3ResTime" : 1853.0,
    "throughput" : 5.339028296849974,
    "receivedKBytesPerSec" : 1.6684463427656167,
    "sentKBytesPerSec" : 2.0647023491724505
  }
}